Dataset: Proximity-Adjusted LQ,,,,,,,,,,
Source: StatsAmerica (https://www.statsamerica.org/),,,,,,,,,,
Prepared by Penn State College of Agricultural Sciences Northeast Regional Center for Rural Development,,,,,,,,,,
,,,,,,,,,,
CLQ Code,CLQ Code,CLQ Code Description,,,,,,,,
100,ALQ,Weighted average of the LQs for all industries related to industry i in county j,,,,,,,,
200,PA-LQ,Geometric mean of all LQ variants of industry i in county j,,,,,,,,
300,LQ,Location quotient of industry i in county j,,,,,,,,
400,WALQ,Weighted average of the ALQs for all industries related to industry i in county j's neighboring counties,,,,,,,,
500,WLQ,Weighted average of the LQs for industry in in county j's neighboring counties,,,,,,,,
